{
	"replace": true,
	"feature": "explorations:scarecrow_acacia",
	"placement": [
		{
			"type": "minecraft:rarity_filter",
			"chance": 500
		},
		{
			"type": "minecraft:in_square"
		},
		{
			"type": "minecraft:heightmap",
			"heightmap": "OCEAN_FLOOR"
		},
		{
			"type": "minecraft:biome"
		},
		{
			"type": "minecraft:block_predicate_filter",
			"predicate": {
				"type": "minecraft:matching_block_tag",
				"offset": [
					0,
					-1,
					0
				],
				"tag": "explorations:scarecrow_spawnable_on"
			}
		}
	]
}