{
	"groupOverrides": {
		"Quark Saplings": {
			"enabled": false
		}
	},

	"customCategories": {
		"cobblemon_seeds": {
			"name": "Cobblemon",
			"icon": {"item": "cobblemon:poke_ball"}
		},
		"magic_seeds": {
			"name": "Magic",
			"icon": {"item": "hexerei:witch_helmet"}
		},
		"delight_seeds": {
			"name": "Farmer's Delight",
			"icon": {"item": "farmersdelight:tomato"}
		},
		"quark_saplings_fixed": {
			"name": "Quark",
			"icon": {"item": "quark:red_blossom_sapling"}
		},
		"other_plants": {
			"name": "Other Plants",
			"icon": {"item": "supplementaries:flax"}
		}
	},

	"customEntries": [
		{
			"output": {"item": "cobblemon:vivichoke_seeds"},
			"payment": {
				"item": "minecraft:emerald",
				"count": 24
			},
			"category": "cobblemon_seeds"
		},
		{
			"output": {"item": "cobblemon:red_apricorn_seed"},
			"payment": {
				"item": "minecraft:emerald",
				"count": 1
			},
			"category": "cobblemon_seeds"
		},
		{
			"output": {"item": "occultism:datura_seeds"},
			"payment": {
				"item": "minecraft:emerald",
				"count": 1
			},
			"category": "magic_seeds"
		},
		{
			"output": {"item": "hexerei:sage_seed"},
			"payment": {
				"item": "minecraft:emerald",
				"count": 1
			},
			"category": "magic_seeds"
		},
		{
			"output": {"item": "silentgear:flax_seeds"},
			"payment": {
				"item": "minecraft:emerald",
				"count": 1
			},
			"category": "other_plants"
		},
		{
			"output": {"item": "silentgear:fluffy_seeds"},
			"payment": {
				"item": "minecraft:emerald",
				"count": 1
			},
			"category": "other_plants"
		},
		{
			"output": {"item": "delightful:cantaloupe_seeds"},
			"payment": {
				"item": "minecraft:emerald",
				"count": 1
			},
			"category": "delight_seeds"
		},
		// {
		// 	"output": {"item": "vinery:red_grape_seeds"},
		// 	"payment": {
		// 		"item": "minecraft:emerald",
		// 		"count": 1
		// 	},
		// 	"category": "delight_seeds"
		// },
		// {
		// 	"output": {"item": "vinery:white_grape_seeds"},
		// 	"payment": {
		// 		"item": "minecraft:emerald",
		// 		"count": 1
		// 	},
		// 	"category": "delight_seeds"
		// },
		// {
		// 	"output": {"item": "bakery:strawberry_seeds"},
		// 	"payment": {
		// 		"item": "minecraft:emerald",
		// 		"count": 1
		// 	},
		// 	"category": "delight_seeds"
		// },
		// {
		// 	"output": {"item": "bakery:oat_seeds"},
		// 	"payment": {
		// 		"item": "minecraft:emerald",
		// 		"count": 1
		// 	},
		// 	"category": "delight_seeds"
		// },
		// {
		// 	"output": {"item": "brewery:hops_seeds"},
		// 	"payment": {
		// 		"item": "minecraft:emerald",
		// 		"count": 1
		// 	},
		// 	"category": "delight_seeds"
		// },
		// {
		// 	"output": {"item": "brewery:barley_seeds"},
		// 	"payment": {
		// 		"item": "minecraft:emerald",
		// 		"count": 1
		// 	},
		// 	"category": "delight_seeds"
		// },
		// {
		// 	"output": {"item": "brewery:corn_seeds"},
		// 	"payment": {
		// 		"item": "minecraft:emerald",
		// 		"count": 1
		// 	},
		// 	"category": "delight_seeds"
		// },
		{
			"output": {"item": "enchanted:water_artichoke_seeds"},
			"payment": {
				"item": "minecraft:emerald",
				"count": 1
			},
			"category": "magic_seeds"
		},
		{
			"output": {"item": "enchanted:belladonna_seeds"},
			"payment": {
				"item": "minecraft:emerald",
				"count": 1
			},
			"category": "magic_seeds"
		},
		{
			"output": {"item": "enchanted:mandrake_seeds"},
			"payment": {
				"item": "minecraft:emerald",
				"count": 1
			},
			"category": "magic_seeds"
		},
		{
			"output": {"item": "enchanted:snowbell_seeds"},
			"payment": {
				"item": "minecraft:emerald",
				"count": 1
			},
			"category": "magic_seeds"
		},
		{
			"output": {"item": "enchanted:wolfsbane_seeds"},
			"payment": {
				"item": "minecraft:emerald",
				"count": 1
			},
			"category": "magic_seeds"
		},
		{
			"output": {"item": "supplementaries:flax_seeds"},
			"payment": {
				"item": "minecraft:emerald",
				"count": 1
			},
			"category": "other_plants"
		},
		{
			"output": {"item": "quark:blue_blossom_sapling"},
			"payment": {
				"item": "minecraft:emerald",
				"count": 3
			},
			"category": "quark_saplings_fixed"
		},
		{
			"output": {"item": "quark:lavender_blossom_sapling"},
			"payment": {
				"item": "minecraft:emerald",
				"count": 3
			},
			"category": "quark_saplings_fixed"
		},
		{
			"output": {"item": "quark:orange_blossom_sapling"},
			"payment": {
				"item": "minecraft:emerald",
				"count": 3
			},
			"category": "quark_saplings_fixed"
		},
		{
			"output": {"item": "quark:yellow_blossom_sapling"},
			"payment": {
				"item": "minecraft:emerald",
				"count": 3
			},
			"category": "quark_saplings_fixed"
		},
		{
			"output": {"item": "quark:red_blossom_sapling"},
			"payment": {
				"item": "minecraft:emerald",
				"count": 3
			},
			"category": "quark_saplings_fixed"
		}
	]
}