{
  "default_spawner_range": 52,
  "default_spawner_range_enabled": 0,
  "disable_count": 0,
  "disable_egg_removal_from_spawner": 0,
  "disable_range": 0,
  "disable_silk_touch": 0,
  "disable_spawner_config": 0,
  "disable_speed": 0,
  "display_item_id_from_right_click_in_log": 0,
  "limited_spawns_amount": 32,
  "limited_spawns_enabled": 0,
  "monster_egg_drop_chance": 4,
  "monster_egg_only_drop_when_killed_by_player": 0,
  "occultism:spawn_egg/": 1,
  "occultism:spawn_egg/de": 1,
  "occultism:spawn_egg/demon": 1,
  "occultism:spawn_egg/fa": 1,
  "occultism:spawn_egg/fam": 1,
  "occultism:spawn_egg/fami": 1,
  "occultism:spawn_egg/famil": 1,
  "occultism:spawn_egg/famili": 1,
  "occultism:spawn_egg/familia": 1,
  "occultism:spawn_egg/familiar_": 1,
  "occultism:spawn_egg/familiar_shub": 1,
  "occultism:spawn_egg/other": 1,
  "occultism:spawn_egg/posse": 1,
  "occultism:spawn_egg/posses": 1,
  "occultism:spawn_egg/possess": 1,
  "occultism:spawn_egg/possesse": 1,
  "occultism:spawn_egg/possessed": 1,
  "occultism:spawn_egg/possessed_elde": 1,
  "occultism:spawn_egg/possessed_we": 1,
  "occultism:spawn_egg/wild_hun": 1,
  "occultism:spawn_egg/wild_hunt_withe": 1,
  "spawner_hardness": 5,
  "item_id_blacklist": [],
  "disable_specific_egg_drops": {
    "ad_astra:corrupted_lunarian": 1,
    "ad_astra:glacian_ram": 1,
    "ad_astra:lunarian": 1,
    "ad_astra:lunarian_wandering_trader": 1,
    "ad_astra:martian_raptor": 1,
    "ad_astra:mogler": 1,
    "ad_astra:pygro": 1,
    "ad_astra:pygro_brute": 1,
    "ad_astra:star_crawler": 1,
    "ad_astra:sulfur_creeper": 1,
    "ad_astra:zombified_mogler": 1,
    "ad_astra:zombified_pygro": 1,
    "alexscaves:spawn": 1,
    "alexscaves:spawn_": 1,
    "alexscaves:spawn_e": 1,
    "alexscaves:spawn_eg": 1,
    "alexscaves:spawn_egg": 1,
    "alexscaves:spawn_egg_": 1,
    "alexscaves:spawn_egg_dee": 1,
    "alexscaves:spawn_egg_deep_": 1,
    "alexscaves:spawn_egg_f": 1,
    "alexscaves:spawn_egg_gos": 1,
    "alexscaves:spawn_egg_grot": 1,
    "alexscaves:spawn_egg_h": 1,
    "alexscaves:spawn_egg_l": 1,
    "alexscaves:spawn_egg_luxtr": 1,
    "alexscaves:spawn_egg_min": 1,
    "alexscaves:spawn_egg_r": 1,
    "alexscaves:spawn_egg_sub": 1,
    "alexscaves:spawn_egg_t": 1,
    "alexscaves:spawn_egg_tr": 1,
    "alexscaves:spawn_egg_u": 1,
    "alexscaves:spawn_egg_va": 1,
    "alexsmobs:spa": 1,
    "alexsmobs:spaw": 1,
    "alexsmobs:spawn": 1,
    "alexsmobs:spawn_": 1,
    "alexsmobs:spawn_e": 1,
    "alexsmobs:spawn_eg": 1,
    "alexsmobs:spawn_egg": 1,
    "alexsmobs:spawn_egg_": 1,
    "alexsmobs:spawn_egg_alligator_snapp": 1,
    "alexsmobs:spawn_egg_b": 1,
    "alexsmobs:spawn_egg_bo": 1,
    "alexsmobs:spawn_egg_cach": 1,
    "alexsmobs:spawn_egg_capuc": 1,
    "alexsmobs:spawn_egg_crimso": 1,
    "alexsmobs:spawn_egg_devils_ho": 1,
    "alexsmobs:spawn_egg_en": 1,
    "alexsmobs:spawn_egg_f": 1,
    "alexsmobs:spawn_egg_fr": 1,
    "alexsmobs:spawn_egg_fri": 1,
    "alexsmobs:spawn_egg_g": 1,
    "alexsmobs:spawn_egg_gel": 1,
    "alexsmobs:spawn_egg_gr": 1,
    "alexsmobs:spawn_egg_h": 1,
    "alexsmobs:spawn_egg_hammer": 1,
    "alexsmobs:spawn_egg_kom": 1,
    "alexsmobs:spawn_egg_leaf": 1,
    "alexsmobs:spawn_egg_man": 1,
    "alexsmobs:spawn_egg_mim": 1,
    "alexsmobs:spawn_egg_r": 1,
    "alexsmobs:spawn_egg_ro": 1,
    "alexsmobs:spawn_egg_sn": 1,
    "alexsmobs:spawn_egg_so": 1,
    "alexsmobs:spawn_egg_su": 1,
    "alexsmobs:spawn_egg_tara": 1,
    "alexsmobs:spawn_egg_tasma": 1,
    "alexsmobs:spawn_egg_w": 1,
    "alexsmobs:spawn_egg_wa": 1,
    "bakery:wandering_baker": 1,
    "brewery:beer_elemental": 1,
    "createloveandwar:robot_dog": 1,
    "crittersandcompanions:dragonfly": 1,
    "crittersandcompanions:dumbo_octopus": 1,
    "crittersandcompanions:ferret": 1,
    "crittersandcompanions:jumping_spider": 1,
    "crittersandcompanions:koi_fish": 1,
    "crittersandcompanions:leaf_insect": 1,
    "crittersandcompanions:otter": 1,
    "crittersandcompanions:red_panda": 1,
    "crittersandcompanions:sea_bunny": 1,
    "crittersandcompanions:shima_enaga": 1,
    "deeperdarker:angler_fish": 0,
    "deeperdarker:sculk_centipede": 0,
    "deeperdarker:sculk_leech": 0,
    "deeperdarker:sculk_snapper": 0,
    "deeperdarker:shattered": 0,
    "deeperdarker:shriek_worm": 0,
    "deeperdarker:sludge": 0,
    "deeperdarker:stalker": 0,
    "embers:ancient_golem": 0,
    "hexerei:crow": 1,
    "iceandfire:spaw": 1,
    "iceandfire:spawn": 1,
    "iceandfire:spawn_": 1,
    "iceandfire:spawn_e": 1,
    "iceandfire:spawn_egg_": 1,
    "iceandfire:spawn_egg_d": 1,
    "iceandfire:spawn_egg_dr": 1,
    "iceandfire:spawn_egg_drea": 1,
    "iceandfire:spawn_egg_f": 1,
    "iceandfire:spawn_egg_h": 1,
    "iceandfire:spawn_egg_lightn": 1,
    "iceandfire:spawn_egg_my": 1,
    "iceandfire:spawn_egg_myr": 1,
    "iceandfire:spawn_egg_myrm": 1,
    "iceandfire:spawn_egg_myrme": 1,
    "iceandfire:spawn_egg_s": 1,
    "iceandfire:spawn_egg_stymph": 1,
    "minecraft:allay": 1,
    "minecraft:axolotl": 1,
    "minecraft:bat": 0,
    "minecraft:bee": 1,
    "minecraft:blaze": 0,
    "minecraft:camel": 1,
    "minecraft:cat": 1,
    "minecraft:cave_spider": 0,
    "minecraft:chicken": 1,
    "minecraft:cod": 1,
    "minecraft:cow": 1,
    "minecraft:creeper": 0,
    "minecraft:dolphin": 1,
    "minecraft:donkey": 0,
    "minecraft:drowned": 0,
    "minecraft:elder_guardian": 0,
    "minecraft:ender_dragon": 1,
    "minecraft:enderman": 0,
    "minecraft:endermite": 0,
    "minecraft:evoker": 0,
    "minecraft:fox": 1,
    "minecraft:frog": 1,
    "minecraft:ghast": 0,
    "minecraft:glow_squid": 0,
    "minecraft:goat": 1,
    "minecraft:guardian": 0,
    "minecraft:hoglin": 1,
    "minecraft:horse": 1,
    "minecraft:husk": 0,
    "minecraft:iron_golem": 1,
    "minecraft:llama": 1,
    "minecraft:magma_cube": 0,
    "minecraft:mooshroom": 1,
    "minecraft:mule": 0,
    "minecraft:ocelot": 1,
    "minecraft:panda": 1,
    "minecraft:parrot": 1,
    "minecraft:phantom": 0,
    "minecraft:pig": 0,
    "minecraft:piglin": 0,
    "minecraft:piglin_brute": 0,
    "minecraft:pillager": 0,
    "minecraft:polar_bear": 0,
    "minecraft:pufferfish": 0,
    "minecraft:rabbit": 0,
    "minecraft:ravager": 0,
    "minecraft:salmon": 1,
    "minecraft:sheep": 0,
    "minecraft:shulker": 0,
    "minecraft:silverfish": 0,
    "minecraft:skeleton": 0,
    "minecraft:skeleton_horse": 0,
    "minecraft:slime": 0,
    "minecraft:sniffer": 1,
    "minecraft:snow_golem": 0,
    "minecraft:spider": 0,
    "minecraft:squid": 0,
    "minecraft:stray": 0,
    "minecraft:strider": 0,
    "minecraft:tadpole": 0,
    "minecraft:trader_llama": 1,
    "minecraft:tropical_fish": 1,
    "minecraft:turtle": 0,
    "minecraft:vex": 0,
    "minecraft:villager": 0,
    "minecraft:vindicator": 0,
    "minecraft:wandering_trader": 1,
    "minecraft:warden": 0,
    "minecraft:witch": 0,
    "minecraft:wither": 0,
    "minecraft:wither_skeleton": 0,
    "minecraft:wolf": 0,
    "minecraft:zoglin": 0,
    "minecraft:zombie": 0,
    "minecraft:zombie_horse": 0,
    "minecraft:zombie_villager": 0,
    "minecraft:zombified_piglin": 0,
    "mutantmonsters:creeper_minion": 1,
    "mutantmonsters:mutant_creeper": 1,
    "mutantmonsters:mutant_enderman": 1,
    "mutantmonsters:mutant_skeleton": 1,
    "mutantmonsters:mutant_snow_golem": 1,
    "mutantmonsters:mutant_zombie": 1,
    "mutantmonsters:spider_pig": 1,
    "occultism:spawn": 1,
    "occultism:spawn_": 1,
    "quark:crab": 0,
    "quark:forgotten": 0,
    "quark:foxhound": 0,
    "quark:shiba": 0,
    "quark:stoneling": 1,
    "quark:toretoise": 1,
    "quark:wraith": 0,
    "rats:black_death": 1,
    "rats:demon_rat": 0,
    "rats:dutchrat": 0,
    "rats:feral_ratlantean": 0,
    "rats:ghost_pirat": 0,
    "rats:neo_ratlantean": 0,
    "rats:pied_piper": 0,
    "rats:pirat": 0,
    "rats:plague_beast": 0,
    "rats:plague_cloud": 1,
    "rats:plague_doctor": 0,
    "rats:rat": 0,
    "rats:rat_baron": 0,
    "rats:rat_king": 1,
    "rats:ratfish": 0,
    "rats:ratlantean_automaton": 1,
    "rats:ratlantean_ratbot": 0,
    "rats:ratlantean_spirit": 0,
    "ribbits:ribbit_fisherman": 1,
    "ribbits:ribbit_gardener": 1,
    "ribbits:ribbit_merchant": 10,
    "ribbits:ribbit_nitwit": 1,
    "ribbits:ribbit_sorcerer": 1,
    "supplementaries:red_merchant": 1,
    "vinery:mule": 1,
    "vinery:wandering_winemaker": 1,
    "wizards_reborn:sniffalo": 0
  }
}