{"paintings":[{"name":"kiyopackpaintings:kiyo_booty","x":16,"y":16},{"name":"kiyopackpaintings:kiyo_cubey_spin","x":16,"y":16,"anim":3072},{"name":"kiyopackpaintings:kiyo_culito","x":16,"y":16,"anim":1920},{"name":"kiyopackpaintings:kiyo_swipe","x":16,"y":16,"anime":4352},{"name":"kiyopackpaintings:kiyo_dance","x":16,"y":16,"anim":3072},{"name":"kiyopackpaintings:kiyo_lewd","x":16,"y":16},{"name":"kiyopackpaintings:kiyo_vrc","x":16,"y":16,"anim":3072},{"name":"kiyopackpaintings:kiyo_spin","x":16,"y":16,"anim":2048}]}