{
    "name": "About This Book",
    "icon": "minecraft:writable_book",
    "category": "cubeyskiyopack:0.introduction_category",
    "pages": [
        {
            "type": "patchouli:text",
            "text": "You spawned in with a few items, one of which is the $(item)$(bold)Eccentric Tome$(clear).$(p) Many mods come with guidebooks, and carrying all of them is annoying. To solve that problem, craft the Eccentric Tome together with any guidebook. The Tome will then $(italic)absorb$(clear) the guidebook."
        },
        {
        	"type": "patchouli:text",
        	"text": "Now, if you right-click the Tome in midair, you can choose an absorbed guidebook. There is no limit to the number of guidebooks the Tome holds. When you want to restore the Tome and choose a new guidebook, left-click the Tome in midair."
        }
    ],
    "sortnum": 0
}