{
	"name": "Just Enough Items",
	"icon": "minecraft:feather",
	"category": "cubeyskiyopack:0.introduction_category",
	"pages": [
		{
			"type": "patchouli:text",
			"text": "Just Enough Items, or JEI, is a mod that stores recipes for every item in the game. There are a few key bits you'll need to know about. $(p)First, if you open your inventory you'll see a search bar in the bottom right. $(k:jei.focusSearch) will focus the cursor in the searchbar."
		},
		{
			"type": "patchouli:text",
			"text": "If you type in a block/item name (e.g. \"cobblestone\"), it'll show up on the screen. Use $(k:jei.showRecipe2) or $(k:jei.showRecipe) on an item to see the recipes that create the item. Use $(k:jei.showUses2) or $(k:jei.showUses) on an item to see what recipes use the item as an ingredient. $(p)There are also some $(thing)$(bold)prefixes$(clear) you can use to filter your search:"
		},
		{
			"type": "patchouli:text",
			"text": " $(li) @[modname] will show items from that mod. Note: this uses the internal name of the mod, which is not always obvious. $(li) ^[color] will attempt to find blocks that match that color. $(p) Finally, you can bookmark items for later by using $(k:jei.bookmark) on the item. It will then show up on the left of your inventory."
		}
	],
	"sortnum": 1
}

//get keybinds properly
//tag search with #
//remove color search