{
    "name": "Corail Tombstone",
    "icon": "minecraft:map",
    "category": "cubeyskiyopack:0.introduction_category",
    "pages": [
        {
            "type": "patchouli:text",
            "text": "You spawned in with a few items, one of which is the $(item)$(bold)Eccentric Tome$(clear).$(p) Many mods come with guidebooks, and carrying all of them is annoying. To solve that problem, craft the Eccentric Tome together with any guidebook. The Tome will then $(italic)absorb$(clear) the guidebook."
        }
    ],
    "sortnum": 4
}