{
    "name": "Fast Leaf Decay",
    "icon": "minecraft:oak_leaves",
    "category": "cubeyskiyopack:3.new_mechanics_category",
    "pages": [
        {
            "type": "patchouli:text",
            "text": "When all the logs in a tree have been chopped down, the leaves will decay much quicker than they do in vanilla. If this doesn't happen, look for a pesky log remaining! Or consider $(l:5.weapons_tools_armor_category/silent_gear) crafting some better tools..."
        }
    ],
    "sortnum": 0
}