{
    "name": "Simple Vehicles",
    "icon": "minecraft:map",
    "category": "cubeyskiyopack:3.new_mechanics_category",
    "pages": [],
    "sortnum": 7
}
// quark - obsidian pressure plate, redstone randomizer, compact food, glass item frame, hedges, hollow logs, searching chests, soul candles, snow golem player heads, playerhead binding curse, petting mobs, easy transfer, inventory sorter, item sharing, quick armor swap, crabs, foxhounds, shiba, runic etching, seed pouch, torch arrow, trowel, dragon scale, look down ladders, chicken glider, hoe harvesting, lock rotation, poison potato baby, right click harvest, ashen wood, azalea wood, fairy rings, monster boxes, myalite viaducts