{
    "name": "Punch Trees",
    "icon": "minecraft:oak_sapling",
    "category": "cubeyskiyopack:1.vanilla_category",
    "pages": [
        {
            "type": "patchouli:text",
            "text": "Go punch a tree! Your first task in minecraft is to get some logs. If you can, find a short tree - if you punch all the wood, $(l:3.new_mechanics/fast_leaf_decay) the leaves will decay quickly."
        }
    ],
    "sortnum": 0
}

//trees, wood, crafting table, sticks, tools, cobble,